MsgAcTrackStateOS,,m_timeOfApplicability,Lat,m_Latitude,Long,m_Longitude,Alt,m_pressureAltitude,Track,m_horizontalVelocity2,GrndSpd,m_horizontalVelocity1,VertSpd,m_verticalVelocity,
"{ ""waypoints"": { ""ownship"": ["," { ""time"":",1540243013," , ""p1"":",33.7124682," , ""p2"":",-112.80444," , ""p3"":",5125.298688," , ""v1"":",5.878764736," , ""v2"":",105.8907206," , ""v3"":",177.0924395," },"
," { ""time"":",1540243014," , ""p1"":",33.71297705," , ""p2"":",-112.80444," , ""p3"":",5128.583533," , ""v1"":",6.823005945," , ""v2"":",106.1796867," , ""v3"":",165.1831499," },"
," { ""time"":",1540243015," , ""p1"":",33.71345174," , ""p2"":",-112.80444," , ""p3"":",5131.369363," , ""v1"":",6.446540006," , ""v2"":",106.5614223," , ""v3"":",172.0668763," },"
," { ""time"":",1540243016," , ""p1"":",33.71396401," , ""p2"":",-112.8044264," , ""p3"":",5134.296968," , ""v1"":",5.910925536," , ""v2"":",106.988776," , ""v3"":",147.4834803," },"
," { ""time"":",1540243017," , ""p1"":",33.71443188," , ""p2"":",-112.8044195," , ""p3"":",5136.945029," , ""v1"":",7.087039288," , ""v2"":",107.2311055," , ""v3"":",193.3338135," },"
," { ""time"":",1540243018," , ""p1"":",33.71494755," , ""p2"":",-112.8044127," , ""p3"":",5140.941149," , ""v1"":",7.464204041," , ""v2"":",107.2365057," , ""v3"":",231.6711456," },"
," { ""time"":",1540243019," , ""p1"":",33.71542567," , ""p2"":",-112.804399," , ""p3"":",5145.157141," , ""v1"":",5.61813667," , ""v2"":",107.2837626," , ""v3"":",275.4147597," },"
," { ""time"":",1540243020," , ""p1"":",33.71593793," , ""p2"":",-112.8043922," , ""p3"":",5150.08641," , ""v1"":",5.445726047," , ""v2"":",107.2623367," , ""v3"":",282.7914681," },"
," { ""time"":",1540243021," , ""p1"":",33.71641605," , ""p2"":",-112.8043786," , ""p3"":",5154.929174," , ""v1"":",6.602668312," , ""v2"":",107.1150097," , ""v3"":",288.3085116," },"
," { ""time"":",1540243022," , ""p1"":",33.71693172," , ""p2"":",-112.8043717," , ""p3"":",5159.210445," , ""v1"":",4.638101854," , ""v2"":",107.3394387," , ""v3"":",163.3002063," },"
," { ""time"":",1540243023," , ""p1"":",33.7174474," , ""p2"":",-112.8043649," , ""p3"":",5162.149665," , ""v1"":",3.801307632," , ""v2"":",107.6033143," , ""v3"":",205.7203158," },"
," { ""time"":",1540243024," , ""p1"":",33.71791869," , ""p2"":",-112.8043717," , ""p3"":",5166.085311," , ""v1"":",4.321284384," , ""v2"":",107.480868," , ""v3"":",284.1296158," },"
," { ""time"":",1540243025," , ""p1"":",33.7184412," , ""p2"":",-112.8043786," , ""p3"":",5171.630138," , ""v1"":",4.306569595," , ""v2"":",107.0789647," , ""v3"":",329.9089867," },"
," { ""time"":",1540243026," , ""p1"":",33.71890906," , ""p2"":",-112.8043854," , ""p3"":",5176.42284," , ""v1"":",3.520983648," , ""v2"":",106.8467008," , ""v3"":",214.3533211," },"
," { ""time"":",1540243027," , ""p1"":",33.71942474," , ""p2"":",-112.8043922," , ""p3"":",5178.33159," , ""v1"":",2.867856414," , ""v2"":",107.1628158," , ""v3"":",-4.623443123," },"
," { ""time"":",1540243028," , ""p1"":",33.71990286," , ""p2"":",-112.8044059," , ""p3"":",5177.184178," , ""v1"":",3.667450011," , ""v2"":",107.5530566," , ""v3"":",-163.4068376," },"
," { ""time"":",1540243029," , ""p1"":",33.72041854," , ""p2"":",-112.8044195," , ""p3"":",5173.307804," , ""v1"":",3.30263552," , ""v2"":",108.2602015," , ""v3"":",-299.6497267," },"
," { ""time"":",1540243030," , ""p1"":",33.72089665," , ""p2"":",-112.8044332," , ""p3"":",5167.759773," , ""v1"":",2.716525035," , ""v2"":",109.0507449," , ""v3"":",-383.4397774," },"
," { ""time"":",1540243031," , ""p1"":",33.72142599," , ""p2"":",-112.8044469," , ""p3"":",5160.834045," , ""v1"":",4.296157398," , ""v2"":",109.5988145," , ""v3"":",-395.7864806," },"
," { ""time"":",1540243032," , ""p1"":",33.72195533," , ""p2"":",-112.8044605," , ""p3"":",5154.140202," , ""v1"":",4.262412422," , ""v2"":",110.1394897," , ""v3"":",-396.4352795," },"
," { ""time"":",1540243033," , ""p1"":",33.72244027," , ""p2"":",-112.8044605," , ""p3"":",5147.739521," , ""v1"":",4.245231508," , ""v2"":",110.6063686," , ""v3"":",-408.1707301," },"
," { ""time"":",1540243034," , ""p1"":",33.72296961," , ""p2"":",-112.8044674," , ""p3"":",5140.492997," , ""v1"":",4.618126539," , ""v2"":",110.8803635," , ""v3"":",-386.4630001," },"
," { ""time"":",1540243035," , ""p1"":",33.7234648," , ""p2"":",-112.8044742," , ""p3"":",5134.905317," , ""v1"":",5.336790506," , ""v2"":",110.8365118," , ""v3"":",-303.6029696," },"
," { ""time"":",1540243036," , ""p1"":",33.72399414," , ""p2"":",-112.8044742," , ""p3"":",5130.815881," , ""v1"":",5.661106671," , ""v2"":",110.7166512," , ""v3"":",-147.7185197," },"
," { ""time"":",1540243037," , ""p1"":",33.72448933," , ""p2"":",-112.804481," , ""p3"":",5128.951586," , ""v1"":",5.044524577," , ""v2"":",110.5912461," , ""v3"":",-85.05085322," },"
," { ""time"":",1540243038," , ""p1"":",33.72501867," , ""p2"":",-112.8044878," , ""p3"":",5128.181838," , ""v1"":",4.687233967," , ""v2"":",110.4019733," , ""v3"":",32.06711116," },"
," { ""time"":",1540243039," , ""p1"":",33.72554801," , ""p2"":",-112.8044947," , ""p3"":",5130.110613," , ""v1"":",5.469616768," , ""v2"":",110.1589865," , ""v3"":",176.3242436," },"
," { ""time"":",1540243040," , ""p1"":",33.72602954," , ""p2"":",-112.8045015," , ""p3"":",5132.69099," , ""v1"":",4.674765029," , ""v2"":",110.1754065," , ""v3"":",134.5938585," },"
," { ""time"":",1540243041," , ""p1"":",33.72656912," , ""p2"":",-112.804522," , ""p3"":",5134.073893," , ""v1"":",4.452512808," , ""v2"":",110.2783347," , ""v3"":",71.54096769," },"
," { ""time"":",1540243042," , ""p1"":",33.72704382," , ""p2"":",-112.8045357," , ""p3"":",5135.178053," , ""v1"":",4.536363625," , ""v2"":",110.0128599," , ""v3"":",72.02043308," },"
," { ""time"":",1540243043," , ""p1"":",33.72757657," , ""p2"":",-112.8045493," , ""p3"":",5136.344689," , ""v1"":",4.294079313," , ""v2"":",109.9296529," , ""v3"":",83.54787751," },"
," { ""time"":",1540243044," , ""p1"":",33.72806835," , ""p2"":",-112.804563," , ""p3"":",5137.190531," , ""v1"":",4.310102937," , ""v2"":",109.6849085," , ""v3"":",23.35075318," },"
," { ""time"":",1540243045," , ""p1"":",33.72859427," , ""p2"":",-112.8045698," , ""p3"":",5137.349927," , ""v1"":",3.954366621," , ""v2"":",109.6928669," , ""v3"":",20.5359121," },"
," { ""time"":",1540243046," , ""p1"":",33.7290758," , ""p2"":",-112.8045835," , ""p3"":",5137.829718," , ""v1"":",5.638894469," , ""v2"":",109.6679641," , ""v3"":",81.9074826," },"
," { ""time"":",1540243047," , ""p1"":",33.72960856," , ""p2"":",-112.8045903," , ""p3"":",5139.097679," , ""v1"":",5.860078192," , ""v2"":",109.4585636," , ""v3"":",41.80022112," },"
," { ""time"":",1540243048," , ""p1"":",33.73012423," , ""p2"":",-112.8045903," , ""p3"":",5138.995554," , ""v1"":",4.068049571," , ""v2"":",109.5630566," , ""v3"":",-57.28691582," },"
," { ""time"":",1540243049," , ""p1"":",33.73061259," , ""p2"":",-112.8045903," , ""p3"":",5137.426021," , ""v1"":",5.436369542," , ""v2"":",109.8732012," , ""v3"":",-125.2654969," },"
," { ""time"":",1540243050," , ""p1"":",33.73114193," , ""p2"":",-112.804604," , ""p3"":",5135.514467," , ""v1"":",7.797310659," , ""v2"":",110.1852024," , ""v3"":",-114.9260153," },"
," { ""time"":",1540243051," , ""p1"":",33.73163371," , ""p2"":",-112.804604," , ""p3"":",5132.823954," , ""v1"":",6.932879784," , ""v2"":",110.5024155," , ""v3"":",-223.7455113," },"
," { ""time"":",1540243052," , ""p1"":",33.73215963," , ""p2"":",-112.8046108," , ""p3"":",5128.385689," , ""v1"":",4.728352132," , ""v2"":",111.1719337," , ""v3"":",-252.1924147," },"
," { ""time"":",1540243053," , ""p1"":",33.73266165," , ""p2"":",-112.8046176," , ""p3"":",5125.270653," , ""v1"":",6.845722728," , ""v2"":",111.4809028," , ""v3"":",-143.5696609," },"
," { ""time"":",1540243054," , ""p1"":",33.73319782," , ""p2"":",-112.8046108," , ""p3"":",5123.017078," , ""v1"":",6.358687124," , ""v2"":",111.8607039," , ""v3"":",-117.4517504," },"
," { ""time"":",1540243055," , ""p1"":",33.73368959," , ""p2"":",-112.804604," , ""p3"":",5121.204446," , ""v1"":",5.223224951," , ""v2"":",112.24616," , ""v3"":",-68.36418092," },"
," { ""time"":",1540243056," , ""p1"":",33.73422918," , ""p2"":",-112.8045971," , ""p3"":",5120.651766," , ""v1"":",5.835852792," , ""v2"":",112.621021," , ""v3"":",13.32703538," },"
," { ""time"":",1540243057," , ""p1"":",33.73477559," , ""p2"":",-112.8045903," , ""p3"":",5121.774749," , ""v1"":",5.71901771," , ""v2"":",112.9033939," , ""v3"":",128.8117386," },"
," { ""time"":",1540243058," , ""p1"":",33.73527078," , ""p2"":",-112.8045835," , ""p3"":",5123.794836," , ""v1"":",5.663484004," , ""v2"":",113.0269365," , ""v3"":",91.82532003," },"
," { ""time"":",1540243059," , ""p1"":",33.73581378," , ""p2"":",-112.8045766," , ""p3"":",5124.181712," , ""v1"":",4.996644097," , ""v2"":",113.5995653," , ""v3"":",-59.69926128," },"
," { ""time"":",1540243060," , ""p1"":",33.73632263," , ""p2"":",-112.8045698," , ""p3"":",5122.282574," , ""v1"":",5.484354609," , ""v2"":",114.1540365," , ""v3"":",-140.5460628," },"
," { ""time"":",1540243061," , ""p1"":",33.73686905," , ""p2"":",-112.8045698," , ""p3"":",5120.113102," , ""v1"":",7.118405224," , ""v2"":",114.48141," , ""v3"":",-70.36764791," },"
," { ""time"":",1540243062," , ""p1"":",33.73737107," , ""p2"":",-112.8045561," , ""p3"":",5119.044186," , ""v1"":",8.316282093," , ""v2"":",114.6056458," , ""v3"":",-83.97252541," },"
," { ""time"":",1540243063," , ""p1"":",33.73793114," , ""p2"":",-112.8045357," , ""p3"":",5116.61119," , ""v1"":",8.283060053," , ""v2"":",114.8766369," , ""v3"":",-162.6728088," },"
," { ""time"":",1540243064," , ""p1"":",33.73843316," , ""p2"":",-112.8045152," , ""p3"":",5114.39406," , ""v1"":",9.112391867," , ""v2"":",115.0709151," , ""v3"":",-124.4496173," },"
," { ""time"":",1540243065," , ""p1"":",33.73898641," , ""p2"":",-112.8044947," , ""p3"":",5112.056382," , ""v1"":",9.743476587," , ""v2"":",115.2462449," , ""v3"":",-136.1783095," },"
," { ""time"":",1540243066," , ""p1"":",33.73953624," , ""p2"":",-112.8044742," , ""p3"":",5110.063127," , ""v1"":",10.62812781," , ""v2"":",115.3014222," , ""v3"":",-81.1141307," },"
," { ""time"":",1540243067," , ""p1"":",33.74005191," , ""p2"":",-112.8044469," , ""p3"":",5108.341808," , ""v1"":",9.881311512," , ""v2"":",115.6045884," , ""v3"":",-168.9156209," },"
," { ""time"":",1540243068," , ""p1"":",33.74060858," , ""p2"":",-112.8044127," , ""p3"":",5103.606377," , ""v1"":",7.419982835," , ""v2"":",116.2604807," , ""v3"":",-330.051287," },"
," { ""time"":",1540243069," , ""p1"":",33.74111742," , ""p2"":",-112.8043922," , ""p3"":",5098.475659," , ""v1"":",8.472804415," , ""v2"":",116.7534984," , ""v3"":",-246.6828804," },"
," { ""time"":",1540243070," , ""p1"":",33.74168433," , ""p2"":",-112.8043581," , ""p3"":",5096.354647," , ""v1"":",9.728912062," , ""v2"":",116.47234," , ""v3"":",2.50808836," },"
," { ""time"":",1540243071," , ""p1"":",33.74219318," , ""p2"":",-112.8043307," , ""p3"":",5096.396299," , ""v1"":",12.41468246," , ""v2"":",115.9367055," , ""v3"":",-33.08799323," },"
," { ""time"":",1540243072," , ""p1"":",33.74274642," , ""p2"":",-112.8042829," , ""p3"":",5094.631325," , ""v1"":",14.42196322," , ""v2"":",115.4004829," , ""v3"":",-192.8156755," },"
," { ""time"":",1540243073," , ""p1"":",33.74324844," , ""p2"":",-112.8042351," , ""p3"":",5090.484619," , ""v1"":",12.01720131," , ""v2"":",114.9140624," , ""v3"":",-274.3461939," },"
," { ""time"":",1540243074," , ""p1"":",33.7438051," , ""p2"":",-112.8041668," , ""p3"":",5086.044352," , ""v1"":",6.816908721," , ""v2"":",114.7132339," , ""v3"":",-275.9779532," },"
," { ""time"":",1540243075," , ""p1"":",33.74435493," , ""p2"":",-112.804119," , ""p3"":",5082.083875," , ""v1"":",10.34883369," , ""v2"":",114.9592255," , ""v3"":",-129.9249844," },"
," { ""time"":",1540243076," , ""p1"":",33.7448672," , ""p2"":",-112.804078," , ""p3"":",5080.260029," , ""v1"":",14.41703353," , ""v2"":",114.9746695," , ""v3"":",-109.1562857," },"
," { ""time"":",1540243077," , ""p1"":",33.74541361," , ""p2"":",-112.8040097," , ""p3"":",5078.074137," , ""v1"":",11.67300759," , ""v2"":",114.7363789," , ""v3"":",-118.0517392," },"
," { ""time"":",1540243078," , ""p1"":",33.74591222," , ""p2"":",-112.8039483," , ""p3"":",5076.37124," , ""v1"":",9.988546336," , ""v2"":",114.8142908," , ""v3"":",-129.5619124," },"
," { ""time"":",1540243079," , ""p1"":",33.74646888," , ""p2"":",-112.80388," , ""p3"":",5073.907006," , ""v1"":",10.61786801," , ""v2"":",114.8921157," , ""v3"":",-124.4443608," },"
," { ""time"":",1540243080," , ""p1"":",33.7469709," , ""p2"":",-112.8038185," , ""p3"":",5071.647824," , ""v1"":",11.85718364," , ""v2"":",114.6835229," , ""v3"":",-151.5553692," },"
," { ""time"":",1540243081," , ""p1"":",33.74751731," , ""p2"":",-112.803757," , ""p3"":",5069.405864," , ""v1"":",12.69101399," , ""v2"":",114.1768002," , ""v3"":",-92.14033292," },"
," { ""time"":",1540243082," , ""p1"":",33.74806031," , ""p2"":",-112.8036887," , ""p3"":",5068.334544," , ""v1"":",11.43948001," , ""v2"":",113.6811837," , ""v3"":",-49.7341156," },"
," { ""time"":",1540243083," , ""p1"":",33.74856233," , ""p2"":",-112.8036272," , ""p3"":",5067.272437," , ""v1"":",12.51562241," , ""v2"":",113.4838943," , ""v3"":",-111.1496152," },"
," { ""time"":",1540243084," , ""p1"":",33.74910192," , ""p2"":",-112.8035589," , ""p3"":",5063.380044," , ""v1"":",11.89244364," , ""v2"":",113.2160653," , ""v3"":",-377.0298845," },"
," { ""time"":",1540243085," , ""p1"":",33.74959369," , ""p2"":",-112.8034906," , ""p3"":",5056.942917," , ""v1"":",11.35176586," , ""v2"":",113.1229535," , ""v3"":",-364.6024569," },"
," { ""time"":",1540243086," , ""p1"":",33.7501401," , ""p2"":",-112.8034155," , ""p3"":",5051.57711," , ""v1"":",11.86275964," , ""v2"":",112.7553258," , ""v3"":",-242.05756," },"
," { ""time"":",1540243087," , ""p1"":",33.75063188," , ""p2"":",-112.8033472," , ""p3"":",5047.329079," , ""v1"":",11.43188398," , ""v2"":",112.4791745," , ""v3"":",-316.2710685," },"
," { ""time"":",1540243088," , ""p1"":",33.75116805," , ""p2"":",-112.8032857," , ""p3"":",5040.230338," , ""v1"":",9.673975143," , ""v2"":",112.3701683," , ""v3"":",-468.2796208," },"
," { ""time"":",1540243089," , ""p1"":",33.75166324," , ""p2"":",-112.8032311," , ""p3"":",5033.026267," , ""v1"":",9.263701048," , ""v2"":",112.0009608," , ""v3"":",-418.7812955," },"
," { ""time"":",1540243090," , ""p1"":",33.75219941," , ""p2"":",-112.8031764," , ""p3"":",5025.917113," , ""v1"":",8.340172387," , ""v2"":",111.6710084," , ""v3"":",-420.4498501," },"
," { ""time"":",1540243091," , ""p1"":",33.75273216," , ""p2"":",-112.8031218," , ""p3"":",5019.088705," , ""v1"":",9.383383891," , ""v2"":",111.5590446," , ""v3"":",-364.038137," },"
," { ""time"":",1540243092," , ""p1"":",33.75322735," , ""p2"":",-112.8030808," , ""p3"":",5013.918739," , ""v1"":",10.69855475," , ""v2"":",111.573938," , ""v3"":",-304.8371142," },"
," { ""time"":",1540243093," , ""p1"":",33.75376352," , ""p2"":",-112.8030262," , ""p3"":",5008.968243," , ""v1"":",10.65533075," , ""v2"":",111.7513774," , ""v3"":",-276.8065986," },"
," { ""time"":",1540243094," , ""p1"":",33.75425188," , ""p2"":",-112.8029784," , ""p3"":",5004.517963," , ""v1"":",10.14325524," , ""v2"":",111.8984761," , ""v3"":",-306.6813852," },"
," { ""time"":",1540243095," , ""p1"":",33.75478805," , ""p2"":",-112.8029169," , ""p3"":",4998.861798," , ""v1"":",9.335427425," , ""v2"":",112.1308317," , ""v3"":",-338.7451172," },"
," { ""time"":",1540243096," , ""p1"":",33.75527641," , ""p2"":",-112.8028623," , ""p3"":",4994.125967," , ""v1"":",8.882798473," , ""v2"":",112.1130961," , ""v3"":",-258.1055709," },"
," { ""time"":",1540243097," , ""p1"":",33.75581599," , ""p2"":",-112.8028008," , ""p3"":",4989.908374," , ""v1"":",7.992804334," , ""v2"":",111.6608154," , ""v3"":",-222.1385325," },"
," { ""time"":",1540243098," , ""p1"":",33.75635216," , ""p2"":",-112.8027393," , ""p3"":",4987.147374," , ""v1"":",9.115730976," , ""v2"":",111.3220741," , ""v3"":",-137.4274727," },"
," { ""time"":",1540243099," , ""p1"":",33.75684393," , ""p2"":",-112.8026847," , ""p3"":",4984.896202," , ""v1"":",9.204542218," , ""v2"":",111.3139242," , ""v3"":",-94.29473577," },"
," { ""time"":",1540243100," , ""p1"":",33.75737669," , ""p2"":",-112.8026232," , ""p3"":",4983.498881," , ""v1"":",10.24879276," , ""v2"":",111.0409024," , ""v3"":",-115.7617944," },"
," { ""time"":",1540243101," , ""p1"":",33.75785822," , ""p2"":",-112.8025686," , ""p3"":",4981.377469," , ""v1"":",9.958169069," , ""v2"":",110.7131094," , ""v3"":",-156.3252427," },"
," { ""time"":",1540243102," , ""p1"":",33.75839439," , ""p2"":",-112.8025071," , ""p3"":",4978.477498," , ""v1"":",9.385490151," , ""v2"":",110.4065404," , ""v3"":",-157.4824175," },"
," { ""time"":",1540243103," , ""p1"":",33.75887592," , ""p2"":",-112.8024524," , ""p3"":",4976.834675," , ""v1"":",9.244284527," , ""v2"":",110.1806203," , ""v3"":",-10.85386502," },"
," { ""time"":",1540243104," , ""p1"":",33.75940184," , ""p2"":",-112.802391," , ""p3"":",4977.993702," , ""v1"":",8.516331503," , ""v2"":",109.7048717," , ""v3"":",176.0756876," },"
," { ""time"":",1540243105," , ""p1"":",33.75988678," , ""p2"":",-112.8023432," , ""p3"":",4981.070691," , ""v1"":",9.967804759," , ""v2"":",109.1373867," , ""v3"":",204.8683917," },"
," { ""time"":",1540243106," , ""p1"":",33.76040929," , ""p2"":",-112.8022885," , ""p3"":",4984.796879," , ""v1"":",13.21516014," , ""v2"":",108.6437893," , ""v3"":",245.8542351," },"
," { ""time"":",1540243107," , ""p1"":",33.76092839," , ""p2"":",-112.8022339," , ""p3"":",4988.439365," , ""v1"":",12.23945994," , ""v2"":",108.2868873," , ""v3"":",132.8903859," },"
," { ""time"":",1540243108," , ""p1"":",33.7614065," , ""p2"":",-112.8021724," , ""p3"":",4989.994079," , ""v1"":",10.32892881," , ""v2"":",108.2324502," , ""v3"":",140.2813619," },"
," { ""time"":",1540243109," , ""p1"":",33.7619256," , ""p2"":",-112.8021109," , ""p3"":",4993.202029," , ""v1"":",11.89684399," , ""v2"":",108.1922708," , ""v3"":",238.3363529," },"
," { ""time"":",1540243110," , ""p1"":",33.76239346," , ""p2"":",-112.8020495," , ""p3"":",4996.98709," , ""v1"":",12.20684066," , ""v2"":",107.8967045," , ""v3"":",258.8298377," },"
," { ""time"":",1540243111," , ""p1"":",33.76290914," , ""p2"":",-112.8019743," , ""p3"":",5002.637648," , ""v1"":",12.86872697," , ""v2"":",107.840489," , ""v3"":",382.4091333," },"
," { ""time"":",1540243112," , ""p1"":",33.76338726," , ""p2"":",-112.8019129," , ""p3"":",5008.005057," , ""v1"":",13.18738176," , ""v2"":",107.8036539," , ""v3"":",255.1848494," },"
," { ""time"":",1540243113," , ""p1"":",33.76390294," , ""p2"":",-112.8018377," , ""p3"":",5011.092859," , ""v1"":",10.92488843," , ""v2"":",108.1383729," , ""v3"":",115.3333919," } ] ,"
